{
  "hash": "20d403ef",
  "configHash": "535d7f2d",
  "lockfileHash": "a210bade",
  "browserHash": "768737f0",
  "optimized": {
    "@angular/core": {
      "src": "../../../../../../node_modules/@angular/core/fesm2022/core.mjs",
      "file": "@angular_core.js",
      "fileHash": "276b1ca9",
      "needsInterop": false
    },
    "@angular/platform-browser": {
      "src": "../../../../../../node_modules/@angular/platform-browser/fesm2022/platform-browser.mjs",
      "file": "@angular_platform-browser.js",
      "fileHash": "940465a0",
      "needsInterop": false
    },
    "@angular/router": {
      "src": "../../../../../../node_modules/@angular/router/fesm2022/router.mjs",
      "file": "@angular_router.js",
      "fileHash": "72119767",
      "needsInterop": false
    },
    "@angular/common/http": {
      "src": "../../../../../../node_modules/@angular/common/fesm2022/http.mjs",
      "file": "@angular_common_http.js",
      "fileHash": "063d29bb",
      "needsInterop": false
    },
    "@angular/common": {
      "src": "../../../../../../node_modules/@angular/common/fesm2022/common.mjs",
      "file": "@angular_common.js",
      "fileHash": "d7d8daca",
      "needsInterop": false
    },
    "@angular/material/button": {
      "src": "../../../../../../node_modules/@angular/material/fesm2022/button.mjs",
      "file": "@angular_material_button.js",
      "fileHash": "16628297",
      "needsInterop": false
    },
    "@angular/material/card": {
      "src": "../../../../../../node_modules/@angular/material/fesm2022/card.mjs",
      "file": "@angular_material_card.js",
      "fileHash": "d82027ea",
      "needsInterop": false
    },
    "@angular/material/list": {
      "src": "../../../../../../node_modules/@angular/material/fesm2022/list.mjs",
      "file": "@angular_material_list.js",
      "fileHash": "850634cb",
      "needsInterop": false
    }
  },
  "chunks": {
    "chunk-IMU43W7I": {
      "file": "chunk-IMU43W7I.js"
    },
    "chunk-XFH2I6OX": {
      "file": "chunk-XFH2I6OX.js"
    },
    "chunk-ZQM7XNKE": {
      "file": "chunk-ZQM7XNKE.js"
    },
    "chunk-XIJ6Z2LS": {
      "file": "chunk-XIJ6Z2LS.js"
    },
    "chunk-IA5UR5SS": {
      "file": "chunk-IA5UR5SS.js"
    }
  }
}